"Category","Name"
"analyzers","a11y-checker.js"
"analyzers","android-intent-auditor.js"
"analyzers","ansible-vault-cracker.js"
"analyzers","api-key-validator.js"
"analyzers","asn-ip-extractor.js"
"analyzers","asset-inventory.js"
"analyzers","aws-iam-policy-auditor.js"
"analyzers","azure-ad-app-auditor.js"
"analyzers","azure-functions-miner.js"
"analyzers","broken-image-checker.js"
"analyzers","cache-poisoning-fuzzer.js"
"analyzers","canonical-auditor.js"
"analyzers","clickjacking-auditor.js"
"analyzers","cloud-metadata-pivot.js"
"analyzers","color-palette-extractor.js"
"analyzers","content-gap-analyzer.js"
"analyzers","cookie-attribute-auditor.js"
"analyzers","cookie-auditor.js"
"analyzers","cookie-security-mapper.js"
"analyzers","core-web-vitals-probe.js"
"analyzers","cors-misconfig-advanced.js"
"analyzers","css-coverage-analyzer.js"
"analyzers","dead-link-spider.js"
"analyzers","dns-dmarc-auditor.js"
"analyzers","dns-spf-checker.js"
"analyzers","docker-config-auditor.js"
"analyzers","dom-diff.js"
"analyzers","ec2-instance-meta.js"
"analyzers","email-spider.js"
"analyzers","error-detail-miner.js"
"analyzers","expo-dev-config-auditor.js"
"analyzers","favicon-hash-finder.js"
"analyzers","form-action-auditor.js"
"analyzers","gcp-cloud-run-auditor.js"
"analyzers","gcp-iam-leak-checker.js"
"analyzers","github-secrets-miner.js"
"analyzers","gitlab-ci-auditor.js"
"analyzers","heading-auditor.js"
"analyzers","hidden-directory-bruter.js"
"analyzers","host-header-injection.js"
"analyzers","html5-validator.js"
"analyzers","idor-fuzzer.js"
"analyzers","internal-link-auditor.js"
"analyzers","invisible-param-finder.js"
"analyzers","ios-deep-link-fuzzer.js"
"analyzers","javascript-footprint-analyzer.js"
"analyzers","jenkins-info-leak.js"
"analyzers","jenkins-plugin-scanner.js"
"analyzers","k8s-dashboard-checker.js"
"analyzers","k8s-rbac-mapper.js"
"analyzers","k8s-secret-exporter.js"
"analyzers","keyword-density-analyzer.js"
"analyzers","lambda-function-enumerator.js"
"analyzers","lambda-metadata-hunter.js"
"analyzers","lfi-path-traversal.js"
"analyzers","malware-scanner.js"
"analyzers","meta-duplication-checker.js"
"analyzers","mobile-endpoint-mapper.js"
"analyzers","mobile-readiness-checker.js"
"analyzers","oauth-redirect-fuzzer.js"
"analyzers","open-graph-auditor.js"
"analyzers","open-redirect-v2.js"
"analyzers","parameter-pollution-adv.js"
"analyzers","payload-size-analyzer.js"
"analyzers","postmessage-logger.js"
"analyzers","prototype-pollution-finder.js"
"analyzers","rce-fuzzer.js"
"analyzers","readability-scorer.js"
"analyzers","redirect-auditor.js"
"analyzers","response-header-auditor.js"
"analyzers","schema-validator.js"
"analyzers","security-headers-auditor.js"
"analyzers","security-headers-ranker.js"
"analyzers","semantic-structure-analyzer.js"
"analyzers","seo-auditor.js"
"analyzers","session-timeout-checker.js"
"analyzers","shodan-vuln-mapper.js"
"analyzers","site-taxonomy-mapper.js"
"analyzers","software-version-mapper.js"
"analyzers","sqli-fuzzer.js"
"analyzers","ssl-cipher-auditor.js"
"analyzers","ssrf-hunter.js"
"analyzers","ssti-auditor.js"
"analyzers","subdomain-takeover-v2.js"
"analyzers","sub-takeover-checker.js"
"analyzers","tech-fingerprinter.js"
"analyzers","terraform-drift-detector.js"
"analyzers","tracker-radar.js"
"analyzers","typography-analyzer.js"
"analyzers","unused-css.js"
"analyzers","vulnerability-fingerprinter.js"
"analyzers","xss-fuzzer.js"
"analyzers","xss-scanner.js"
"auth-helpers","2captcha-auto.js"
"auth-helpers","api-key-injector.js"
"auth-helpers","auth-header-forger.js"
"auth-helpers","basic-auth.js"
"auth-helpers","canvas-defender.js"
"auth-helpers","cf-clearance-puller.js"
"auth-helpers","cookie-cloner.js"
"auth-helpers","cookie-exporter.js"
"auth-helpers","cookie-importer.js"
"auth-helpers","credential-prompt.js"
"auth-helpers","csrf-form-crawler.js"
"auth-helpers","csrf-token-miner.js"
"auth-helpers","hcaptcha-solver.js"
"auth-helpers","header-token-miner.js"
"auth-helpers","headless-login-bot.js"
"auth-helpers","jwt-brute-forcer.js"
"auth-helpers","jwt-extractor.js"
"auth-helpers","login-form-detector.js"
"auth-helpers","mfa-code-helper.js"
"auth-helpers","oauth-grabber.js"
"auth-helpers","oauth-state-decoder.js"
"auth-helpers","password-spray-simulator.js"
"auth-helpers","pkce-generator.js"
"auth-helpers","request-signer.js"
"auth-helpers","session-cookie-auditor.js"
"auth-helpers","session-keepalive.js"
"auth-helpers","signed-url-helper.js"
"auth-helpers","tls-fingerprint-randomizer.js"
"auth-helpers","token-cache.js"
"auth-helpers","token-decoder.js"
"auth-helpers","token-refresh-simulator.js"
"auth-helpers","totp-generator.js"
"auth-helpers","user-agent-spoofer.js"
"auth-helpers","web-storage-dumper.js"
"auth-helpers","x-api-key-helper.js"
"core","attack-graph-viz.js"
"core","automatic-bug-hunter.js"
"core","exploit-path-finder.js"
"core","grab.js"
"core","grab-playwright.js"
"core","headless-recorder.js"
"core","mirror.js"
"core","multi-target-mirror.js"
"core","parallel-target-fuzzer.js"
"core","payload-permutation-engine.js"
"core","pro-mirror.js"
"core","recon-workflow-orchestrator.js"
"core","recursive-domain-mapper.js"
"core","stealth-bypass-runner.js"
"core","stealth-crawler.js"
"core","super-mirror.js"
"core","threat-model-generator.js"
"core","vulnerability-autopilot.js"
"exporters","asset-manifest-builder.js"
"exporters","content-bundle.js"
"exporters","diff-reporter.js"
"exporters","feed-builder.js"
"exporters","html-cleaner.js"
"exporters","image-optimizer.js"
"exporters","jsonl-exporter.js"
"exporters","link-graph-viz.js"
"exporters","ndjson-exporter.js"
"exporters","openapi-seed-exporter.js"
"exporters","parquet-prep.js"
"exporters","prompt-dataset-builder.js"
"exporters","raw-html-archiver.js"
"exporters","schema-extractor.js"
"exporters","screenshot-contact-sheet.js"
"exporters","selector-dump.js"
"exporters","site-map-exporter.js"
"exporters","snapshot-packager.js"
"exporters","table-normalizer.js"
"exporters","text-bundle.js"
"exporters","text-extractor.js"
"exporters","to-csv.js"
"exporters","to-har.js"
"exporters","to-json.js"
"exporters","to-markdown.js"
"exporters","to-pdf.js"
"exporters","to-sqlite.js"
"exporters","to-warc.js"
"exporters","to-zip.js"
"exporters","url-list-exporter.js"
"exporters","vector-ready-exporter.js"
"exporters","web-archive-indexer.js"
"exporters","xlsx-ready-exporter.js"
"exporters","yaml-exporter.js"
"exporters","zip-manifest-builder.js"
"integrations","airtable-sync.js"
"integrations","algolia-sync.js"
"integrations","argocd-config-hunter.js"
"integrations","aws-s3-uploader.js"
"integrations","azure-blob-uploader.js"
"integrations","azure-devops-auditor.js"
"integrations","bigquery-loader.js"
"integrations","bitbucket-pipeline-miner.js"
"integrations","circle-ci-leak-hunter.js"
"integrations","clickhouse-writer.js"
"integrations","datadog-event-pusher.js"
"integrations","discord-webhook.js"
"integrations","drone-ci-scanner.js"
"integrations","dropbox-backup.js"
"integrations","elastic-ingester.js"
"integrations","firebase-sink.js"
"integrations","ftp-sync.js"
"integrations","gcs-uploader.js"
"integrations","github-pages-deploy.js"
"integrations","github-workflow-auditor.js"
"integrations","gitlab-ci-scanner.js"
"integrations","google-sheets-pusher.js"
"integrations","hubspot-sync.js"
"integrations","jenkins-job-parser.js"
"integrations","kafka-producer.js"
"integrations","meilisearch-loader.js"
"integrations","mongo-importer.js"
"integrations","n8n-webhook.js"
"integrations","notion-importer.js"
"integrations","opensearch-bulk-loader.js"
"integrations","pagerduty-alert.js"
"integrations","pinecone-upserter.js"
"integrations","postgres-writer.js"
"integrations","rabbitmq-publisher.js"
"integrations","redis-queue.js"
"integrations","salesforce-sync.js"
"integrations","segment-track.js"
"integrations","sentry-release-note.js"
"integrations","slack-alerter.js"
"integrations","snowflake-loader.js"
"integrations","spinnaker-leak-auditor.js"
"integrations","teams-notifier.js"
"integrations","travis-ci-checker.js"
"integrations","webdav-sync.js"
"integrations","zapier-webhook.js"
"lib","module-catalog.js"
"lib","module-runner.js"
"monitors","archive-pusher.js"
"monitors","availability-probe.js"
"monitors","certificate-expiry-monitor.js"
"monitors","change-detector.js"
"monitors","content-drift-monitor.js"
"monitors","content-watcher.js"
"monitors","cookie-health-monitor.js"
"monitors","cron-healthcheck.js"
"monitors","cron-runner.js"
"monitors","dom-change-monitor.js"
"monitors","feed-watchdog.js"
"monitors","form-change-monitor.js"
"monitors","header-inspector.js"
"monitors","inventory-monitor.js"
"monitors","keyword-watcher.js"
"monitors","latency-tracker.js"
"monitors","link-checker.js"
"monitors","perf-auditor.js"
"monitors","price-tracker.js"
"monitors","redirect-tracer.js"
"monitors","robots-watchdog.js"
"monitors","schema-change-monitor.js"
"monitors","screenshot-diff.js"
"monitors","search-result-monitor.js"
"monitors","selector-monitor.js"
"monitors","session-logger.js"
"monitors","snapshot-rotator.js"
"monitors","ssl-checker.js"
"monitors","statuspage-checker.js"
"monitors","tls-watchdog.js"
"monitors","uptime-monitor.js"
"monitors","visual-regression-monitor.js"
"monitors","webhook-notifier.js"
"monitors","webhook-retry-monitor.js"
"monitors","word-count-monitor.js"
"reporters","csv-vuln-exporter.js"
"reporters","diff-reporter.js"
"reporters","discord-webhook-notifier.js"
"reporters","final-master-runner.js"
"reporters","jira-ticket-creator.js"
"reporters","pdf-recon-summary.js"
"reporters","scope-mapper.js"
"reporters","slack-notification-hook.js"
"reporters","vuln-reporter.js"
"scrapers","android-manifest-checker.js"
"scrapers","api-scraper.js"
"scrapers","auth-scraper.js"
"scrapers","azure-blob-checker.js"
"scrapers","azure-storage-miner.js"
"scrapers","bing-dorker.js"
"scrapers","blog-scraper.js"
"scrapers","catalog-scraper.js"
"scrapers","certificate-transparency-miner.js"
"scrapers","comment-sensitive-data.js"
"scrapers","common-crawl-miner.js"
"scrapers","contact-scraper.js"
"scrapers","couchdb-user-auditor.js"
"scrapers","crtsh-subdomain-monitor.js"
"scrapers","dark-web-scraper.js"
"scrapers","directory-scraper.js"
"scrapers","docker-registry-scanner.js"
"scrapers","docs-scraper.js"
"scrapers","ecommerce-scraper.js"
"scrapers","elasticsearch-index-lister.js"
"scrapers","event-scraper.js"
"scrapers","faq-scraper.js"
"scrapers","firebase-db-auditor.js"
"scrapers","flutter-api-extractor.js"
"scrapers","form-mapper.js"
"scrapers","forum-scraper.js"
"scrapers","gcp-bucket-hunter.js"
"scrapers","github-action-leak.js"
"scrapers","google-dorker.js"
"scrapers","graphql-batch-scanner.js"
"scrapers","grpc-endpoint-discovery.js"
"scrapers","headless-recorder.js"
"scrapers","image-scraper.js"
"scrapers","influxdb-leak-checker.js"
"scrapers","job-board-scraper.js"
"scrapers","js-map-file-hunter.js"
"scrapers","knowledge-base-scraper.js"
"scrapers","link-harvester.js"
"scrapers","link-health-checker.js"
"scrapers","listing-scraper.js"
"scrapers","map-result-scraper.js"
"scrapers","memcached-item-sniffer.js"
"scrapers","mobile-endpoint-extractor.js"
"scrapers","mobile-plist-auditor.js"
"scrapers","mobile-secret-harvester.js"
"scrapers","mongodb-schema-miner.js"
"scrapers","news-scraper.js"
"scrapers","open-s3-hunter.js"
"scrapers","param-miner-v2.js"
"scrapers","pdf-scraper.js"
"scrapers","podcast-scraper.js"
"scrapers","pricing-page-scraper.js"
"scrapers","product-review-scraper.js"
"scrapers","property-scraper.js"
"scrapers","qa-scraper.js"
"scrapers","rabbitmq-queue-sniffer.js"
"scrapers","react-native-bundle-miner.js"
"scrapers","redis-key-dumper.js"
"scrapers","robots-txt-analyzer.js"
"scrapers","rss-scraper.js"
"scrapers","s3-bucket-lister.js"
"scrapers","search-result-scraper.js"
"scrapers","shodan-dorker.js"
"scrapers","shodan-ip-history.js"
"scrapers","sitemap-harvester.js"
"scrapers","smtp-relay-bruter.js"
"scrapers","snmp-community-bruter.js"
"scrapers","soap-wsdl-parser.js"
"scrapers","social-scraper.js"
"scrapers","spa-scraper.js"
"scrapers","table-scraper.js"
"scrapers","terraform-state-hunter.js"
"scrapers","tftp-file-harvester.js"
"scrapers","vault-kv-scanner.js"
"scrapers","video-scraper.js"
"scrapers","wayback-machine-url-miner.js"
"scrapers","whois-history-parser.js"
"scrapers","wp-scraper.js"
"utils","asset-cache.js"
"utils","backoff-helper.js"
"utils","batch-runner.js"
"utils","captcha-solver.js"
"utils","censys-lookup.js"
"utils","cidr-expander.js"
"utils","cidr-to-hostnames.js"
"utils","cli-banner.js"
"utils","concurrency-tuner.js"
"utils","config-merger.js"
"utils","cookie-jar.js"
"utils","cookie-normalizer.js"
"utils","css-rewriter.js"
"utils","csv-flattener.js"
"utils","dedup-urls.js"
"utils","dns-record-auditor.js"
"utils","dns-resolver.js"
"utils","domain-groupper.js"
"utils","elasticsearch-head-auditor.js"
"utils","final-audit-summary.js"
"utils","header-builder.js"
"utils","html-report-generator.js"
"utils","html-rewriter.js"
"utils","internal-host-mapper.js"
"utils","ip-geolocation-mapper.js"
"utils","ip-to-asn-lookup.js"
"utils","json-flattener.js"
"utils","json-output-cleaner.js"
"utils","link-extractor.js"
"utils","memcached-dumper.js"
"utils","mime-sniffer.js"
"utils","mongodb-noauth-checker.js"
"utils","nmap-xml-parser.js"
"utils","output-merger.js"
"utils","output-organizer.js"
"utils","port-info-grabber.js"
"utils","port-scanner.js"
"utils","port-scanner-pro.js"
"utils","private-ip-discovery.js"
"utils","progress-ui.js"
"utils","proxy-rotator.js"
"utils","queue-manager.js"
"utils","rate-limiter.js"
"utils","recon-data-merger.js"
"utils","redirect-tracer.js"
"utils","redis-info-grabber.js"
"utils","report-gen.js"
"utils","request-profiler.js"
"utils","retry-helper.js"
"utils","robot-parser.js"
"utils","screenshot-diff.js"
"utils","shodan-wrapper.js"
"utils","sitemap-gen.js"
"utils","slugifier.js"
"utils","snmp-walker.js"
"utils","stealth-browser.js"
"utils","sub-domain-diff.js"
"utils","text-cleaner.js"
"utils","tftp-scanner.js"
"utils","url-deduper.js"
"utils","url-normalizer.js"
"utils","viewport-presets.js"
"utils","vuln-severity-sorter.js"
"utils","whois-privacy-checker.js"
"utils","workspace-cleaner.js"
